Date,IntMom_01,IntMom_02,IntMom_03,IntMom_04,IntMom_05,IntMom_06,IntMom_07,IntMom_08,IntMom_09,IntMom_10
199001,-1.36515223260674,-4.3621901624681,-0.721379473906156,-6.32542597303219,-5.58332566076713,-7.13675622784616,-7.30972828730934,-8.09723624913433,-9.28519944777419,-13.1213546008036
199002,4.44978128334771,3.74182643688731,3.42938131014951,1.74659260679063,0.982491716669887,1.15219673540524,1.25237731955097,0.957658669734777,1.74956299458022,4.82616736666918
199003,2.8462175894545,2.03976076343069,3.3221926430333,2.16458696940798,1.4467416136919,1.1454117014026,2.25218218476918,2.49551457346842,3.971112964307,4.15307551620373
199004,-7.40567979853146,-5.4553006371405,-4.13802949601041,-1.41009750229563,-4.57675105580384,-3.21552275730006,-3.74931735493142,-2.71192813702576,-2.02495221798698,-0.798160596738031
199005,4.04764807494032,4.47452898302031,8.69953493279291,8.10732453936203,7.34781865241628,7.57579856796132,8.60089758204094,9.99968560448042,10.354542362765,13.279709787369
199006,1.28897413762136,1.00161821825618,-0.850828967859736,-1.81053330495558,-2.97077836812276,-2.36924775646928,-0.810050773230502,0.484964498730376,-0.36602962342115,3.53440273073775
199007,-6.68512757020695,-9.09206868734043,-8.34965875970328,-4.69905320647791,-4.66183713847469,-2.21273177844173,-0.424670101911655,1.0897804903922,0.360949173787091,-0.475393292969774
199008,-18.8836380934934,-13.8172986313721,-11.9094083988276,-10.5421966611469,-10.8250443817157,-10.6994355294338,-10.0965557742824,-8.5552510840919,-8.33392128689717,-8.54103046580058
199009,-16.1837188490087,-14.4082971529072,-10.225228122197,-8.79693446466302,-6.28115326725549,-7.31372379674048,-4.70955019390282,-2.29626171491166,-5.04597949349894,-5.20393141522209
199010,-8.54701228016178,-7.07766076036319,-4.51878607773188,-5.21820222220324,-4.29890886479263,-1.22920165078246,1.14387223036127,1.7642978308341,-1.4078772527499,-5.91552938646972
199011,8.56416470759408,11.5430025845845,11.6975034488974,7.50829397130649,10.1315410985791,7.13206441385211,6.30425421938258,5.58483305664677,4.88144002752989,9.25226577996656
199012,-1.56996281376019,3.77967738679525,4.12820585950554,4.38054931278031,4.53773596564846,2.86333751102395,3.49748493647419,1.80410846098618,3.08548060733333,4.27571930204244
199101,11.1908436822787,4.8536544327863,8.296957671555,6.90927096159818,4.91319349594547,4.57072798202309,2.29308272413263,3.03294466019779,8.03568768430241,13.81304536868
199102,16.9688517778312,14.3594638947943,8.05842306828812,5.52603829827659,6.52379792658049,8.02937257476763,6.7502419781576,9.21606042987097,6.87264295181664,8.6975478807275
199103,7.01279757705527,5.79402935661512,0.535677677467225,2.54055659054905,3.6845679961142,3.57464925920524,2.17880785188012,1.50462849563266,3.60280637947529,6.70570279670566
199104,-1.13950339278251,1.70128962168096,2.7986232488932,2.58690599179089,0.666496436519711,0.28130005958604,1.06057698855028,-0.0127085649009747,-0.861190938913468,-0.540659124921698
199105,3.64385679405633,5.27476706536787,5.99327321744095,7.09208516857139,5.3498017580105,6.51561006626637,4.94910450595969,2.49302824107398,2.24093286352913,3.7459913588114
199106,-9.35673497193606,-7.11220214749722,-5.39115615887484,-6.69181744138348,-5.1245535484795,-5.53612152222339,-3.72644039255111,-4.5322892362653,-2.98333377536711,-4.63141311975549
199107,0.390113912316911,3.69744832338624,3.69885493158611,3.89421372127676,3.9932693135819,2.98164639262566,3.42100391042982,4.96754262008012,5.61757041269959,5.98927476634937
199108,7.98079233455941,3.28466650142966,3.98432607174186,2.40438800802912,1.92732071623086,1.44646294020818,2.31937580743968,2.72686392257239,3.03485049235645,2.7915422885043
199109,-4.88651303370282,-2.72601735270737,-3.71615249920372,-2.05927186120267,-1.46509935175961,-2.78282412871045,-1.78474612579748,0.00151927308576277,-0.878220866832934,-0.139973952201583
199110,-0.775354567738123,0.965178704754866,-1.45093213536442,2.30207058745614,-0.582749621781455,1.59927674023571,2.07974454733257,2.06165155367861,2.22740611018642,4.82675951364519
199111,-7.23491963739881,-5.59516558710197,-8.10640433050571,-5.89036096400369,-3.12928818426209,-2.40863540359147,-3.15437804378734,-2.63226022192494,-4.91563087475638,-3.42993862415755
199112,-2.32471215931231,3.48804052255182,5.33401790033875,7.62757792241482,9.92889189850098,12.5281647437218,15.4195789416022,13.229545126235,14.9366168055714,17.7330187572947
199201,9.52950164445392,-1.42535685900435,-2.29301369816574,-1.19877017735516,-0.563297377371675,-1.35967905598363,-1.71078730490143,3.30301259638206,4.5495945493707,5.82961677167371
199202,2.58329289441261,-0.987416058926384,-0.342309591453233,0.318998895019964,1.93395859638389,1.67206348198194,3.32306951489083,3.47759844729246,3.76511472145385,2.41528712286069
199203,-5.61608366549586,-4.76358302065866,-3.89945024017418,-1.84546631062004,-1.13822882149986,-1.11174679701134,-3.26022652779225,-2.49620206948495,-2.51118108908574,-4.41787013846455
199204,-8.33226263583101,3.62877793451538,1.53371870732528,4.48903873765159,4.00312740833475,1.97619503775796,0.442484712594881,0.283513964159507,-2.10583095724174,-5.83546538447585
199205,1.91198258788246,-0.329969680910252,0.191885871006304,-0.558874983443556,0.0568069567347535,0.747214675314166,0.802302118668167,2.439488009468,1.17820591222885,-0.970035808926006
199206,-1.63414528663415,-2.97966309909475,-0.744404167157417,-3.70621763710276,-0.49686038075382,-1.13560392611478,-1.68200613184799,-2.73472072955642,-3.50487175755154,-5.4582143663573
199207,1.38130918402836,0.733464762643061,2.32810536401289,2.10588802568842,4.33408756839094,4.63748945661643,4.65898357768418,4.97414116995379,5.06038736413502,5.66671836811978
199208,-5.1984539154861,-6.85006055857647,-3.35699943875782,-3.73359962427558,-2.03534805296121,-1.61184526816246,-2.18534745739301,-1.06796231435571,-0.943702065645439,-5.18520721046059
199209,-0.709967901813254,-1.46435777111203,0.317853508810995,1.68905949133977,1.67652092451681,1.93352362814299,0.763153145557263,0.9499219343767,3.21526279010947,3.6864713679565
199210,-3.00027085771552,-0.264852141668112,-1.19007533236313,-0.593252938977882,1.16248305587523,2.61688158690947,2.22824158817241,4.98267370871166,5.23186872599543,6.64420951397421
199211,0.0995340316206994,1.30165689692216,1.09637095893998,3.42266573033428,4.41152648256344,4.81653908426681,4.20005656556519,6.75384897759178,8.88289108746253,11.744490141834
199212,0.104394721226301,0.951483592653306,0.875602774809047,-0.16189227061925,2.36873749448456,2.05830921379239,1.26263874546053,3.15041325241075,3.97850124599464,5.41812214182367
199301,2.48864466179973,3.93306412014561,-1.07153656632132,-0.97638132917226,0.1064980824886,0.0299578597496976,1.51060925641855,3.02960915714302,5.06274991644555,7.47450915893278
199302,-6.40923434066359,-5.48433706283528,-2.58841845831715,-1.20600565056782,3.41587322198353,2.0162235264956,2.16384463259752,1.9511873759297,1.4872418416659,-0.0165075211072055
199303,0.903147429755296,1.49826545171783,-1.69540299231978,2.00920908327773,2.66022767319811,1.87818494478201,2.26599285728146,3.31320276680218,3.08127356152502,6.68047725709734
199304,-4.98135018004442,-1.77027022254289,-3.81765433830071,-3.87147083769754,-1.92718970178473,-1.26629785185814,-1.82628096267534,-4.33591553106376,-2.38978541986453,-0.88909182441615
199305,9.98791357567465,6.77667393278551,5.12655515865159,4.00996566003896,2.47406849873495,3.27965208648307,2.42337838546827,2.70256573474824,2.20620560007718,5.46041374449759
199306,-4.34729981605244,-0.136859479013133,-0.522400281290336,-2.3565465385285,-1.24066833605102,1.71639096883719,1.20815484252848,0.429731323420631,0.785602244828483,2.33019416894493
199307,-2.37870509992137,-0.332885195877972,-1.85829055622024,0.0222207767058186,0.985003935818406,-0.264846187412958,-0.267040345811137,-0.337904018387203,-0.195584697801186,0.0499378710978579
199308,1.29178304882023,1.45116045559851,2.85355524629029,3.62449188979961,3.3641471881562,4.03314457009162,3.67825478487926,5.36158245960675,6.17443825830341,7.53266541563075
199309,-5.31284970086493,-1.94526625154304,-2.1698893492021,1.07543724787151,-0.727575998160916,-0.457368455256116,-0.166850912896766,1.60655275395605,4.83536730578101,6.29797612002621
199310,6.69458836821166,5.91741160203863,3.20153830880886,1.68655555470829,1.84158136995375,1.37650397064938,0.0200550290435504,0.593316547335561,-0.287718192402129,1.52380370971323
199311,3.67803474920491,1.86862174217049,0.995820225803786,-0.867955968047803,-2.14173272781624,-1.90161223135141,-3.94407558119325,-2.27565075262297,-2.82731665581253,-6.32293498952248
199312,2.1282738820163,-2.00056084455776,1.47799937433974,1.97225720973038,1.86522435058369,2.20520058141082,2.94793662588243,2.46057408731069,3.69936904041639,3.81898083869458
199401,6.48339389028689,4.06092304371528,2.49086309318038,2.25236232822221,2.04012224480463,3.22448502890733,1.44693792073769,4.69248206250013,4.53964518804183,4.376388692087
199402,-4.47676645421228,1.02587009813246,-2.05634388728114,-2.48206826979412,-1.95972576189924,-2.61582651785349,-2.17217912639194,-3.95812577281484,-2.24816781157099,-2.01440080536722
199403,-7.70307507188383,-6.59899756451483,-4.67262778902216,-4.82730533808062,-3.94562415137632,-3.68843453607904,-3.90466251157478,-4.30487321056878,-4.78868203088318,-3.5038193644325
199404,-0.0438179560645081,0.0502806282514773,1.12784360340254,1.9809432981561,2.13600630757727,1.00892276212824,0.603947184700803,1.30415523714523,1.1514666738838,-3.15456183208107
199405,-0.0821316595864471,-0.823144628289951,2.34367274695908,2.62053036712999,0.186455523763692,0.95378979093826,0.850205538321786,0.996040510693608,0.397171631460526,-1.53951862461794
199406,-5.11813292087205,-1.83911637178499,-2.93122402062336,-2.56798952899432,-2.57877464583655,-2.0886570283244,-2.00547459684734,-1.91113989740141,-5.69760453159127,-7.29867734013081
199407,3.64439089139736,3.39878956580564,1.51343776807827,3.13486660169233,4.15141801079948,3.91996042802488,2.59265739230335,3.16809653907338,3.36828415625362,2.69863473400904
199408,4.21363267423705,2.66047426285216,3.65470426306733,4.38274362854883,4.03622775830906,3.05892373001247,6.16248780550103,4.68685835854479,4.97755923088456,8.36341381280391
199409,4.21452360901552,-2.73843868965918,-1.44652698966238,-2.02898523257133,-2.65622688068409,-2.1252762759865,-1.53437838305539,-1.76380672727852,-1.57206050493868,-0.327208377783279
199410,0.663804678071061,1.49875689182586,1.00943441328405,1.68501839744603,2.53527371691818,1.40424538831112,1.22476250939798,1.25959328310713,2.8106953703186,2.34140882623324
199411,-5.23173491401065,-5.40049718095954,-2.56985568603809,-4.98660401606553,-2.63521004112421,-3.05481912923633,-3.66745078807111,-3.95677110328841,-4.61554609665181,-4.66686678685535
199412,-2.6309241680028,-0.551491634161609,0.968599908000837,-0.00873462821863053,1.68259005179498,1.74069525970946,1.42680528104731,1.50928240223198,2.02389546446548,1.21653082673469
199501,3.12326996220641,3.20408420705376,4.67708925900067,3.57578705724947,1.98757302099839,2.31401188218031,2.61877822903633,1.28522593548847,-0.0629160615769145,-1.47966400275049
199502,1.27118637921529,2.92317676810154,4.09765322693852,3.83147208105184,4.53467165758823,3.13540643283846,3.80070189761561,4.13388500539832,5.01272677640913,6.27475481680812
199503,2.39585250199201,3.69090439672006,0.349655904193118,2.647423329729,2.56405419440709,2.23679108305937,2.1857343377083,2.76601213110813,4.59994039113976,5.09415709820036
199504,1.60614655938391,4.89108804724984,1.29052859554482,1.82640728164058,3.30383690224573,2.06388962279001,1.22541998265234,2.93806503914312,1.63869885966112,6.02392866941888
199505,1.88662389273558,5.28546006239512,3.76342376313858,4.93053045363296,3.97320292802017,3.2755580456979,2.90054917121564,3.14297337510678,3.15140259782214,1.69712305535546
199506,11.0858021960597,2.24991846965707,1.63333062793633,2.38277398656432,1.70684137005884,2.21180671685663,2.79743784102171,2.20168981300229,5.12288919396286,8.82462465472681
199507,5.89426085148877,3.93644672335626,3.25068312679032,3.10174981326875,4.30601830153071,3.14365272695981,3.26893479121909,3.6085831050959,5.76002556508693,8.32901290685054
199508,3.13074456360888,2.87938266627352,1.18185859158326,1.78391031802321,2.18430988715297,0.917535665662702,-0.0102115702499566,0.800121529128631,-0.319943442923432,2.76936282338023
199509,-0.343094736424206,-0.309009974419058,2.43679547679709,3.58387169884161,2.13830664189756,2.07010672159733,4.78481342456912,3.21629910002809,5.80395600729528,7.95133070389505
199510,-10.6244459766692,-6.6209548483462,-4.77255283635266,-2.56669099597787,-4.20202706143808,-1.38267696097595,-0.646662989994711,0.98393437295911,1.46104252640818,0.378633506424034
199511,1.63592173770476,3.83732672231063,5.1100555985553,5.42135606037104,5.71152346135837,3.60464320739718,5.19151223786199,5.00945036298213,3.28649817941729,0.761011461280241
199512,0.347995571825913,1.16771333945508,0.549407427568087,0.412559005526244,0.0506606308884541,2.61422685993474,1.87951683190625,2.92917927537919,1.38381033540299,-2.42396762249872
199601,1.24079605534851,0.56720414113854,0.117241887416806,2.2688812409155,1.8695788200324,2.07827747683292,2.33384379425715,3.68517882070193,5.4332908957389,-0.417534667055501
199602,1.27792807087745,1.61297759421455,1.98466948153343,2.64163001879686,-0.40951105626477,0.182627861296503,1.23013533438964,2.96721491327944,6.36942024136946,3.34094450067125
199603,0.602372759445823,1.18225351362063,0.944401370980719,0.652502556412247,0.659537480148639,2.12666741432218,1.53363043804393,1.97061515617485,0.162435259863665,-0.723686265869548
199604,7.60116686422027,3.15140429190914,2.81956571066579,0.931322838503258,1.23190870689669,0.787789687740233,1.36928525902018,4.06462233902322,5.7080253587662,13.3629834854017
199605,2.15219965568529,2.7490092248701,2.72000116141134,1.05294385688541,1.22240212381757,2.99234107210724,2.34444080851039,4.3107935884733,4.42246673438363,5.71662891892365
199606,-6.90783687013326,-2.82738210914492,-2.64827378127388,-1.25880937766489,-0.937244531379659,0.792077275495335,1.65924413468232,0.141559869427213,-2.50708227121292,-6.62182791390522
199607,-11.4307159093253,-9.15570339743549,-5.75610665625443,-5.17452593025305,-3.79504761388463,-5.05597896973939,-3.52227551040164,-5.2514182452176,-5.36474547741816,-13.7615460318636
199608,4.80633624126875,4.98144878722914,5.08853085497468,3.91963852245147,4.28973160665233,2.79416838498437,3.82881651951298,1.05363153123062,2.16479909878658,6.75731909892225
199609,5.45796644964261,2.28520776339261,7.62048533262243,3.69483569152988,4.22158843943594,5.19642767594777,3.96090903279949,5.54616324405228,5.49568397397942,10.8375299800659
199610,-6.41993186441707,-4.84276390968109,-1.45427429834334,3.18495520539309,1.25544737941273,1.77763590773996,1.64179439717879,4.01226185565051,2.00802476498307,-2.76797520518155
199611,15.8743464631645,9.84241768328212,7.640760295556,7.24698563240907,5.04507394967929,6.67017245864231,7.86368807254708,6.72749645867345,5.56157095516255,3.67446651749384
199612,-3.47071978698526,-1.46360954612153,1.87493171822554,-0.767837173739157,-0.564525052752811,-0.933090212793862,-2.84538892005384,-1.96407066850086,-1.10687427913178,-0.296061202327585
199701,9.16754179391736,2.84743385261284,1.69015060211725,4.79890884422015,4.9417717260471,5.59020719473891,7.64714997782183,8.05870414088809,4.54101550761835,3.87719847698833
199702,-3.52482438295248,-0.373972158066237,1.65065735133416,0.469536213947856,1.45635761179522,0.710110447153502,1.36092119632384,-1.66223579441497,-6.68492904960192,-7.85866218952683
199703,-7.37641544923695,-6.71877910956961,-4.67093123782988,-4.74441718633597,-4.90546702416464,-2.88875326719946,-3.8862161363214,-3.59545967372329,-5.82544629674509,-6.49612422659557
199704,-1.51653648533226,-0.487063816199767,2.11176199335716,3.85887641300423,3.3908812465622,4.53149657374352,6.04362713799261,8.00453726563435,5.87727838186246,-0.258903052084631
199705,16.3650814976958,10.2077873291021,7.69770898988629,7.23920030176794,5.53040984058093,6.95087886019154,5.58809239325434,7.4228111346685,7.68345628452453,11.1824935820188
199706,1.01033937437164,0.74804536796958,3.37379018569888,3.08261261747877,4.25924688506694,2.89460726912568,3.19497262988178,5.75841308860861,6.2632541241781,2.65842501153274
199707,2.81015696609183,5.7047661392748,7.92491284367371,5.56669157674756,7.42781647704648,7.84389662071336,4.4056076658419,6.27997844453995,7.22547132474481,13.692162387767
199708,4.58604581857375,5.08078220520992,-0.135727310537437,-2.02551305133399,-3.29564491467112,-2.60867991840971,-5.11231788231588,-5.43156501034559,-5.37336947460589,-0.801161807387781
199709,7.52018104577927,6.06977674829316,4.38508188871035,5.69872864286148,6.28661928267106,4.99599742595722,5.82959765084311,5.6822906338707,6.18803935846717,6.60717875087286
199710,-5.05207348688978,-8.51753186096037,-3.45078634016056,-3.89950321678059,-2.90032534269654,-2.65100547857224,-3.46559808062886,-2.58433962522516,-2.83046104967997,-5.72375086068086
199711,-5.29505744971724,-0.539861971026313,0.114794942500237,-0.963212945362302,2.92506682441081,4.47045443350174,5.33093372480264,3.91113128862527,3.10569939657727,1.73755906415512
199712,-8.02558897836163,-2.59926725909341,1.16966529935508,1.37074145194264,0.348769300475282,2.28708997226998,2.51511287955527,2.88573373783933,3.52815991940607,-2.5562911151407
199801,1.0543937940618,-0.987642433776356,-2.22933276355593,-1.82272399024947,-0.309082139975141,-0.493402444188057,0.462438635132045,1.73326620673683,-0.438787183582832,6.27662900092877
199802,9.34420596389545,9.12283740159684,5.12221422780717,5.95909371300979,8.25740072256127,7.01204091596104,6.14459073812676,7.58047273177653,7.4218078576254,11.1968140268457
199803,5.19537850458922,3.69820763948768,5.72507084810147,5.80984720706998,3.79500006812453,4.04944856045292,5.01526382760494,4.93614116951694,6.19853038656538,6.35049261099052
199804,2.48247899244428,3.30959430070474,-1.30850379663216,-2.77390691744864,0.0971242593196473,1.21127587693577,2.81067628218758,1.73128929485676,4.91302880461188,4.40216788522739
199805,-9.07581667122546,-4.20133883035343,-1.56840268790588,-1.38074430418783,-1.49886512276375,-1.70323007352058,-2.66521947103838,-3.56531647205072,-3.26670079822782,-7.00391222910216
199806,-0.936840960599087,1.2916753349234,4.32729033284845,1.93834356445899,2.86678900274186,4.27141003815154,4.11904601917853,3.76146535387391,6.13031214478337,3.4813000830886
199807,-8.28422075258323,-4.56289912713384,-4.63364938340923,-1.61043155310138,-3.85622860126823,-3.54026505996083,-0.279233540781198,-0.419739154214541,-0.660474451896435,-3.31193438283109
199808,-25.4293711804962,-21.6471809246927,-17.7410426732613,-16.9616148946224,-12.7161878102372,-16.3106324872175,-12.5101663903616,-15.8258036393746,-17.8659737509306,-22.7788019514265
199809,14.0479402306513,8.35913828933794,2.95287876105109,4.20030872141007,4.68046466457993,5.03249971532774,6.30827169238186,9.14850279680913,8.24413013126155,16.1392698791829
199810,8.70614655730023,12.1116351892984,8.68350531893654,5.40096902973548,5.64855738973333,9.95542531590666,9.46605767568304,7.94883405111007,7.67856298588561,3.54643025187399
199811,12.0938941513365,3.01670802900186,9.79628412064387,3.8165885873774,6.10807983919562,5.19312222142231,5.37228132736691,4.6523343604886,7.90889346538564,6.38606238754842
199812,-1.69238569966443,6.48368382810753,6.79810753571041,-0.896657937990827,3.33993641737271,2.55877164652603,4.40000903290353,5.86539273726044,9.04873859823946,13.1900538619938
199901,8.61479187715134,8.06144355924445,2.14341924814458,5.81041075834752,0.291315824552568,1.74133603946488,-1.95755338124396,6.00319259502708,4.14747611216362,11.7748293280471
199902,-13.1032443653816,-6.33957741481257,-8.69229213160629,-4.87890070066472,-5.57830443208863,-4.41235328769081,-1.83911413330526,-1.81598277850821,-1.30304910855978,-6.58140167117778
199903,2.4313887575487,1.70591192160683,2.62760470569869,2.54887258791008,-0.230839125941507,0.717677880131215,0.00473501571159812,3.7887586414576,2.61111908077345,11.0024527548268
199904,10.3705937623521,11.837131637298,10.2676475469596,12.0215551493251,10.1516217511324,8.48768145513957,5.82077784635113,4.2743803920975,0.704588288865165,1.47777264104586
199905,5.23170488747107,3.5356644585607,0.658587545435039,-3.42160467663536,-1.61990663786858,-2.01456499171111,-1.18030619558344,-1.58857889920498,-1.17694116732154,-2.99327694907188
199906,5.49408970738472,7.88275550457849,6.74507324793467,4.83026319430789,5.15577128289366,3.30108271082997,5.71584044528226,2.88049785223135,4.48159039574167,6.46084170318757
199907,-0.688788885473277,-2.53446956650973,-1.32418422637517,-1.62555330110682,-1.69090104980299,-3.41202548766407,-5.87809745988573,-2.34338191919246,-2.64862510034008,-2.5661287926972
199908,-3.08184582141488,-4.38936171510132,-1.38741152012298,-2.99778017147867,-3.36791109215952,-2.04392911285307,-4.03740253284825,-1.36767237316477,1.24062294389489,-0.407942185365774
199909,-2.48513964189754,-6.05557256703143,-5.56742533146183,-7.23785519313792,-6.48160138193845,-3.5762427034787,-3.97375557007476,-2.39406962140855,-1.01294969532551,0.455511550276373
199910,-4.08954837815653,-1.10366023171254,-1.50860174058672,-1.82850914185211,4.339451285747,4.9614749699742,9.534779159431,5.51975884686661,6.23204611294381,10.5460265849856
199911,11.6055544156773,6.17018682534647,-1.2631640636386,-0.962940368158483,-1.2217182046642,1.92155784438987,-0.311256618232132,-0.734355382574513,3.50545753839423,11.8066074798986
199912,15.0370956376091,1.93236042983723,0.0232353126293594,-1.57297186125701,-4.36631746883601,-2.18438308252646,-0.67835464181109,8.74986215909708,13.5606362209427,22.6162895253486
200001,2.36078593780515,-1.49373389415188,2.15423379405141,-2.58352071974367,0.543470608551684,-3.27066317565782,-8.22944948600996,-3.68133810819409,-4.57383010791398,-3.30744447686783
200002,15.8839881117302,2.58883873640466,-3.03308362278363,-7.2880188723116,-3.84774148519849,-7.200664555656,-2.80942106183207,-0.771721211881491,10.8766735954116,26.2706567998785
200003,-9.66724925480344,3.4341774036564,13.4488966416069,5.904017300581,9.81949586565949,11.2255075504221,10.1737269573745,5.97412299426802,1.99348329429388,-1.24937840354583
200004,-8.07524687747162,-1.65182446228764,-2.90280329027969,-0.839542679345957,-0.100633496944552,-5.0175319621508,-0.043893552649226,-8.29136036678159,-5.4165016038254,-12.5068576603047
200005,-3.72988634884202,-1.11527613749646,-1.33609056572249,1.26330057977527,0.308463947514553,1.23420986504373,-3.21102697648505,-7.53463336785269,-6.83624802278082,-13.2676768969322
200006,-0.0361336523893238,-1.84258500524971,0.808356527291118,-1.77585824641593,-0.241800132178659,-3.02769845583453,1.71987502694658,5.4894039368605,7.57391221580872,17.0012051442933
200007,-2.39088246194505,2.82389074907497,0.695351256545573,1.51863172779159,2.40110213982583,-1.55726601050472,0.749181347255187,-3.52119736470872,-1.56286677378626,-4.99842553086006
200008,8.99259203457378,6.46351198062846,7.33015896199828,6.73100452093265,1.16560370591069,1.73433478094736,5.79644435893711,8.65794560631876,7.51775166158823,17.4295976830815
200009,1.77336342558753,1.94948592594203,3.73884414818415,-3.52487508399074,-0.153168504877173,-0.0684419504186447,-1.38573299970159,-9.61785418158037,-12.9239021747268,-9.31274181595608
200010,4.83405663260714,2.09837262852698,5.41326841181513,-1.14298796378071,4.92891921106105,0.269025039551975,-2.67024194497246,-7.13366732957777,-10.3349835377961,-13.0620100570184
200011,-0.819008239583168,4.8271938148029,1.4396228663311,-5.65229483224153,-0.161426487800401,-6.28601074943651,-8.91843552166401,-15.6940749490967,-22.0092591676932,-30.9942770031388
200012,6.62459460479657,-0.581928212291436,5.58697687507354,2.86474085141231,2.77692483233679,3.87743083956093,1.55771412441159,4.01123836285804,-5.27632267428621,2.36841151801524
200101,31.5831259537532,24.7513921550097,5.52469520787427,5.22871619462415,2.13520092015195,2.1742495314363,-1.46351970374921,1.43193491741439,6.08661088057653,3.38100458832276
200102,-21.2369521616218,-8.22623277332464,-7.26827824107988,-6.33043380820104,-4.89895683930891,-2.81324645284615,-5.8730298688303,-10.9598251837508,-17.1703041443088,-24.9689461288425
200103,-17.2649344800725,-9.99354130428752,-7.13350073834407,-4.27149953055688,-4.50397601654584,-2.84551647529278,-6.26269750481897,-9.06633394952438,-6.67253315617438,-12.287250558014
200104,12.1161536341532,9.64074029729927,7.16012011459071,16.0200782237322,8.23680781021805,8.93447668324634,5.52329625130054,5.4755992227207,9.4514575374084,8.29619800724423
200105,2.73811382116012,-4.0851683541891,-2.13294264330708,2.28881199953306,1.82016324458172,-2.09687288086683,3.96821655544234,1.07294544543583,3.01701796523348,0.0577770134340211
200106,2.42289657867612,1.24865471683682,3.64895363144098,-3.0512623813739,-1.38758500266341,-1.24709726296301,-2.82894531143561,-2.58396161019984,-2.34547979335165,-1.85210008206478
200107,-10.3638423225267,-3.15155670976134,-1.73304692499736,-4.99990889536248,0.168445856201046,-5.4644220503411,-1.43274376611868,1.00888529195563,0.000152990500225162,-2.82170918822874
200108,-12.3770479109752,-12.6155914649871,-9.57390176543995,-14.1620487275348,-9.93753310549657,-7.43083564939194,-3.26851474178148,-3.75185536442174,-2.80402890730616,-3.25714985071338
200109,-25.4800162822857,-21.6724725081541,-19.2088283580692,-14.2445196065667,-10.6275796595223,-4.95084266111438,-6.57307366788748,-6.3523021397214,-8.7408162246087,-7.16204395102704
200110,22.7538864584097,17.0584601745541,16.4659134604286,3.67924252926983,4.09112370548916,1.95114081540215,2.27460603612022,-3.27232124530536,1.23463478616537,-2.15503324913154
200111,27.6692468659134,17.7488919847537,12.4928785055512,12.1937910503973,9.52960458922012,4.25572104975371,4.55386900915885,5.2998565972136,6.58099609017179,7.82182308373553
200112,-3.74378604701114,-1.25142388232988,0.62366809413579,-0.718387448734411,2.18046464131652,0.469301211365916,3.84820799350029,3.84963840993273,4.2155707590848,4.09072873176285
200201,2.65226559890612,-1.66646868690774,-1.71182748125757,-0.392587074851485,-3.26697755205911,-2.01405417262996,-3.92288927342546,0.283500291948814,0.515196544112641,-2.1209205993465
200202,-21.8404546618343,-2.02787064935129,-0.0770956558886392,-0.764854731455802,-0.369243545128592,1.41315161641771,-0.628291244472222,-2.97256579969244,-6.38983734426049,-10.7122423093829
200203,5.98211866821554,6.42160564976666,8.22900494889505,5.53540477881618,2.12287711875151,4.21719595476811,4.5471453263021,5.10758048916127,5.61297569684781,6.35079056431562
200204,-16.3387525277418,-10.9169967745834,-7.22110787890384,-7.58553848110019,-6.81321003773908,-2.26231916899322,1.10920306742807,1.55785155190357,-1.12224542998423,-2.27455644765911
200205,-12.0012259492971,-3.26213284123758,-2.96472795275862,-1.70179373801277,-1.07643567337358,-0.72717947312375,2.37091207163045,-1.28205707042448,-2.02965642054464,-0.609952932277662
200206,-18.5144569801172,-14.5916642210704,-12.0625048582147,-10.3652478765576,-3.97627098606278,-5.74658327704396,-5.4386224512882,-5.43723206780492,-6.3075159792604,-4.34558920044422
200207,-22.7601598678608,-12.0722353349896,-12.9274062894719,-8.16697670670954,-8.26746372136317,-7.28605097167795,-6.32951569618783,-8.70617528593871,-5.1728416491778,-11.3688636540369
200208,1.46039109740293,-1.75079946026161,-1.51885610549694,-2.11098211112424,1.00122639435323,0.46366248863602,2.87150427031685,1.94998479018609,1.60266528304038,-0.440208645693094
200209,-15.2536503210279,-14.8069748340734,-13.3585913250134,-10.9830520073377,-10.9085689365898,-10.7923685615559,-6.07945358373189,-8.90831953471582,-5.34756951186458,-6.87980894210426
200210,15.5573274432807,11.6557166093857,7.80229850231336,8.59696225310011,9.701153758042,8.27744601490183,5.17046574017647,6.20758735055762,7.20771071624663,5.99203095606738
200211,15.1846156951489,8.027609031352,4.50159145858933,2.54521913635931,2.82065511042639,4.67597817251155,8.36088095193858,10.10659504709,12.9202021493808,15.4334188775631
200212,-14.0148066079848,-8.54929979816745,-5.67130372035465,-4.70450397120265,-5.21168800319766,-1.4203295669817,-4.34403596189204,-5.38418855330527,-5.49581269559169,-5.93637917105272
200301,2.73417649195233,-0.828571906554606,-3.44265463261907,-3.25752632465575,-2.98017263489867,-2.09876554574848,-2.60378344944327,-1.63190456795656,-3.11338875484089,-1.48546502947491
200302,-2.34967150524947,-0.443366965000773,-1.2438574717269,-3.13775556876592,-0.736594426679919,-1.34409989068217,-1.48240857078592,-1.90370784891067,-2.28927169620244,-4.62048598872181
200303,-0.852727625796718,-2.22548351064675,-1.20364490984347,1.19391105064987,3.16661414266692,1.94572102607068,0.868453224557497,-0.0360497443056065,0.910768344005017,1.86817210964564
200304,17.5138160940138,15.3143778425131,12.2959374136265,10.1455897442346,7.3726307559005,6.52049428460648,6.52202991914708,6.19305827272525,4.8761158775355,7.50462429145851
200305,25.0052418679503,15.4765384708117,9.56585619032069,6.76789804534406,4.94281678518154,2.88542206463076,6.9392064723747,4.07067121149485,5.1784859165661,5.89103148992912
200306,1.82133913069031,0.110657513382819,1.94835825278285,3.09274409657218,2.94315805484341,1.00905206991814,1.779408566458,0.203186951757274,1.4409333426431,3.69189870049872
200307,4.18410677114031,0.218339614924562,1.06733021280133,5.73737061077508,1.34006306006632,1.11625140213703,1.46256209527912,3.93930091572857,1.58284472559999,4.14921521910301
200308,8.42016182411151,8.13114662673152,3.44666701516263,4.69041992614367,2.16849435306412,3.00450995564947,0.811173487379224,0.76606536254482,2.00793199849779,5.05937241598707
200309,-1.22548614301974,-1.30071300080298,-3.10428107238897,-1.42368261577304,-1.02993747860803,-0.379956535298948,-0.771828835577912,0.559166323213428,-2.6375249928156,-0.0859698986620979
200310,7.64241250103276,8.92950277239135,4.62522712892535,6.6135203506578,6.51474180387907,3.11152493512914,7.14927202825127,6.51644274654162,6.63686219742995,10.3130948111071
200311,1.85002929786929,4.07053150282645,1.60468406046277,2.73590551585077,1.51070175618858,1.38770891515624,0.465016735461734,1.6701730171512,1.52101014509527,1.65362312291952
200312,4.25605339306988,4.81174622929072,6.32572441132262,4.82312874543115,4.30289484034917,4.92936453753544,4.8760923900147,4.50687431654959,3.04670442460073,-2.60364615510765
200401,7.24106675330124,2.23691409309061,1.11131077538269,1.6567755101267,1.79486665052589,2.09427597306017,1.65284264789064,2.98180082819202,3.347362769564,11.7048014649331
200402,1.45706924619664,2.68810024366624,1.90423815245571,2.33343092861112,2.02069064687041,0.475417940587708,-0.396001434330075,2.29216022069342,1.14052596772689,-0.723229942405749
200403,-2.60660290084557,-1.44710408002782,-1.47050836512624,-1.21527462882832,-1.09741159138956,-2.10877013510888,-0.354682783876988,-0.190475023020802,-0.592685222661619,-1.87248341641791
200404,0.942518818990691,-0.154870200102241,0.914297042081196,-2.08765108625943,-2.90164642487997,-4.65621660737114,-3.53360824068338,-6.15781820230067,-4.24433379040759,-9.5766993468141
200405,0.0196171524607353,0.422890026712365,0.817954699402383,1.48637562448914,1.81986535104445,1.24270287583151,1.65021990955957,4.91509909489425,2.74876429925813,4.71999945784822
200406,2.26757502542942,1.77382860248167,1.59944775794754,2.49151572838631,2.02696336410252,2.96004360125575,3.31184392933145,2.07953444758958,2.33394426647087,0.348066097913285
200407,-1.91305888371232,-0.575304834777115,-3.61770644359539,-3.37280748481647,-3.43721620826477,-4.78809991956874,-6.90911485714084,-9.59036471959148,-9.77434581248247,-10.9936896787924
200408,-0.708099933309724,1.43914175230921,0.109382532208873,1.63347558838257,0.707735843343764,-0.419875789320798,-0.65905580978226,-3.48268080743103,-2.85594917650716,-4.20800299754548
200409,-3.60933647341577,0.686413625600115,-0.339694330814216,2.11244651101478,3.07068372344268,2.67688438452241,3.97551925776226,4.86918384409817,6.87040010146291,6.80486737878666
200410,3.57832673104963,0.993082887213997,3.33752117755525,1.63681184898159,2.05252749375926,-0.194362279995558,3.45256006343606,1.01871768157095,1.6394590209494,0.500353574397606
200411,1.71240761083015,5.64953691602481,2.87932579996796,4.82136565774697,3.12715307846435,3.71613891797997,8.00808564163125,6.0178827366206,9.17451096976751,10.9215716996971
200412,6.4577010146058,4.72631991766624,3.86714967782888,2.5910526621446,3.97826078116653,4.14862116169097,2.00554428628479,3.35935554249793,2.42205957968267,6.13908931947451
200501,-8.49130721744438,-5.79598780507087,-4.39563580652687,-3.33398034782939,-1.79785296404577,-3.18831185296949,-1.29854133940791,-1.26931388929326,-0.728746778305732,-7.35128622041127
200502,0.485030843430928,1.65843223282448,1.9139413818572,0.929520487629384,1.57861898230401,0.670876736300529,6.06973978511936,4.60016946568201,2.41959243789041,2.15392193390579
200503,-4.92087714839106,-4.31113721869705,-1.07547498131488,-0.514043272270335,-2.78931878849896,-1.2192249830508,-1.37142535642032,-1.87547613360553,-1.64663293566371,-1.4397677041535
200504,-10.7661558659905,-6.07893207635789,-4.24262247279185,-2.78891582610571,-2.58503931587274,-1.77863349483151,-1.2526296644023,-1.67211210385432,-3.36038952537643,-5.10452798539946
200505,9.34363994687891,10.1728111964295,6.23785853304768,2.55684123582766,3.76730108245925,3.1571853609755,4.18394837390116,1.9661831569788,3.37319765589717,7.37860395229435
200506,1.12025860206322,-0.0521610810072563,0.826105110076801,0.0704282327967567,-0.237405633140881,0.727112176814253,0.411953411383377,1.45774963423756,3.52783549891365,1.93221396646099
200507,4.67861922162709,4.12937110612491,3.96850944814932,4.03998849232373,3.31749891492732,4.65337824407715,2.66870509366345,4.6777415070286,6.33474389572506,8.08300412680016
200508,-2.64936410645974,-1.89708188159081,-0.614137164334215,-0.851869570056691,0.010115208746601,-0.409498408102019,-0.780246600525091,-0.270617074629776,1.29747447458435,0.378521824611852
200509,-0.779553927523001,-1.54262454079511,-0.693585616265533,-0.114166140350247,1.2858037230186,2.02662218094281,1.7985031448084,1.65905479552293,4.31591435916014,3.39870238534764
200510,-5.35468825315668,-0.801400970444513,0.809541373192594,-1.0988176807048,-0.867360916242862,-0.706818339991841,-2.1669882875769,-3.62828197842675,-6.18895130977106,-4.69174182589675
200511,0.823592864713345,3.90397698959029,4.81861348270118,4.47306883526482,5.01157577808804,3.26602519588421,4.81643063527882,3.29237237864675,2.48530506361825,5.91076300183801
200512,-0.942821652158286,2.56719890720634,-1.74041186027696,0.915423250945986,-0.00625402869691566,-0.665330563781378,0.0219702707538344,1.07088557141829,1.30853872863524,1.96203452297456
200601,9.00162937756198,8.03868275019428,5.06227213022026,1.629471371931,4.66653048102006,3.64292897140912,2.03634795615233,4.52982224731299,4.34833935252903,5.1349120213543
200602,-1.8621112762753,-0.764887917401368,0.303948493121051,1.05789210195827,0.381193459105205,1.7000834525194,1.84118693040678,-1.61498082288131,-0.820227016283573,-5.55189463140922
200603,7.13818606789051,4.04067509689354,1.84460098161777,2.37851416629597,1.90429890988412,0.992485078128262,1.06075713092306,0.038090627421702,2.27266429392039,4.52818295411884
200604,-0.321889852755028,2.38090848482914,0.0801482332661593,2.76125550190761,1.5019369817591,2.0024742248665,-0.149688363438384,1.4182165016111,0.403414049784645,2.41288652659318
200605,-3.8280001919064,-2.12847087643935,-0.593448035655536,-2.42180276074369,-2.46634849287633,-3.36656962414478,-3.66745390113593,-3.92759626388598,-4.12250770479691,-5.08769194121078
200606,-3.16191748904466,0.0831354583277216,-0.342879454805019,-0.362287215360981,0.733556429447296,-0.0475480700846568,-0.391317732600865,-0.332601750030058,-0.598366843602993,0.507357702177694
200607,1.1589134692639,-0.239851459839853,-0.304671430874463,-0.284548054899721,1.47898195679948,0.220478687085965,-1.14909783400507,-0.33702836044924,-1.60777103014305,-3.64183447173745
200608,3.57466484917211,4.80118285494723,4.18261208928466,2.53547378128197,2.09822103385461,2.47882716717185,2.26414533227349,2.9021666703643,0.630717000442202,0.636351281211611
200609,1.6555115004962,4.26434818878228,4.21028972645391,2.92015158430274,2.49131630229657,1.7851103512584,1.49310318739981,0.616508370627283,1.57012424059762,-1.938596372063
200610,3.18770412091169,5.1477850323797,3.51805020907665,3.90361023496223,2.54660213685188,2.87303019433742,2.9969666884607,4.30758737065425,3.84485128459324,6.28755836436081
200611,2.76016799493664,4.48497982973784,3.17244459259057,1.13984429773269,0.852628381702042,1.72959833500938,3.12474918851225,1.24118498915983,3.60616389280025,5.1914045047939
200612,-0.835436053732643,0.967157019218084,1.56417563379455,2.76069821154958,2.84322563301929,0.172531037254876,1.2505799678923,-0.228760152146917,-1.02031367040989,-1.14194490782879
200701,3.75603487891413,1.81647740053085,1.49206731206808,1.27838440877723,1.15629673121452,0.322555130441812,2.53117672182657,3.70150844942736,2.51188310441103,3.64032697410294
200702,-2.0534650428423,-1.37523762636206,-1.55808432465518,-0.778716697541528,-2.30523431253393,-0.424561357263125,-1.68166728633119,-1.4700608602856,-2.07026550731386,-0.0321563367440876
200703,-3.31230083356006,1.41243356050149,0.426919293547803,0.100807004736873,0.81677661741868,0.0635918476386968,2.35672850014405,1.64052096495279,2.609658464813,2.6702162819243
200704,3.2943764838418,4.56835700903234,4.25103332816805,4.32865074878867,5.21602717372676,4.55098488597632,3.77655784616657,4.45948076930878,3.37147825112615,2.80942287734406
200705,2.60403765255297,3.91302223712694,6.33910611895362,6.24183420332249,6.4097314287986,3.4065800017225,4.09223776913312,2.79659465889323,3.26030464090821,4.0109252898404
200706,0.101864030902758,-1.32212181083506,-0.790503685242918,1.41411910073606,-2.26694713825742,-1.18807904007095,-2.87105894646634,-1.28141251376384,-1.68863639160784,-0.0847279436892848
200707,-7.44704475858329,-5.37902002779427,-3.34911598727788,-3.17967849091065,-3.48624948708443,-2.00326105325928,-4.54432415929671,-3.28825251813685,-2.8600737671989,0.362908192408543
200708,-0.721536740116158,-1.89588112065766,-0.527298258483169,-0.379144825928546,0.989040781484239,1.90145114596873,1.67450977082816,1.95520638399403,1.01576312071875,4.75782223261558
200709,3.39362049192516,5.68337706510739,6.28501013595128,2.24637309972336,4.30464844784468,4.21946328276073,2.61684869702377,3.82755886583191,5.09377436941144,7.28829563899347
200710,-0.80818019593027,2.88139574017783,1.92033285053578,0.776720598409639,-0.223969666715083,5.61297442971278,2.29557732695547,3.99071150743944,5.30076735732194,6.70615263549325
200711,-9.67187790326411,-5.26804600210792,-3.18992034547782,-5.31158329485821,-4.38598788536549,-4.58095830660807,-3.75777812141718,-5.42288011979639,-5.90200902684261,-7.42480422494588
200712,-3.5560679238961,-4.05107522964234,-2.62289252206775,-2.9063873288991,-0.598098827513554,-1.9158433502494,0.634698156714163,0.732944309488099,3.19591529788274,2.29974550264615
200801,-3.69752933815713,-6.70410738914067,-1.79906449815551,-3.53322074901747,-4.35184353420681,-5.24012523973259,-6.40613033276236,-7.77908130572373,-9.74477170466911,-13.0128353719213
200802,-9.6361382540974,-3.77380955026709,-5.99820528489289,-5.45197967660853,-6.16790901169349,-1.90537969213954,-1.41858802215047,-0.287717348087398,2.93256598101569,2.84185765636948
200803,-3.22421369339147,-5.75982190818219,-4.05763753873724,-1.22667920139973,-0.837497777058327,0.0736120746096784,-0.202372894754451,-0.633055426053013,-1.59757903183436,-0.8784844022991
200804,3.74941670454883,0.929939541181015,3.81078925795266,5.16797325997166,5.29843956510665,4.23005816911263,3.35108226480806,2.79977067766824,7.03121304887976,10.1667394048842
200805,1.50622904857541,0.625452326589693,3.36364069382403,-0.879275919451617,-2.05268431019793,0.899032578471063,2.06397870362504,3.37785492518244,2.7284725601814,6.60018938296711
200806,-17.5998069728482,-15.4080891781342,-15.3283030906168,-11.6923557233028,-9.48715167087436,-10.4055569166058,-7.74527383591393,-6.521446833923,-5.25978537341253,-5.05516489783328
200807,-1.92881840375623,0.817990359434517,1.30812394507394,-1.13923596763323,-1.43323183199953,5.20681212055305,1.29057031507723,-1.99787637963628,-3.45146841508176,-5.69032077366748
200808,7.47255676558145,3.06856002740328,5.84031116909041,5.62092563427929,-0.516579507335799,0.754948338394585,1.58197523764159,0.720541958955539,1.93774987621967,-2.66104027572034
200809,-20.7556931496283,-10.6075831218517,-14.7112430942441,-13.6209582958476,-15.8232643667482,-10.259146612949,-6.55246480391547,-8.06853346453992,-6.31147057593837,-13.6980761124511
200810,-31.7991243430167,-17.4523523880679,-21.5866475968065,-20.2533728734415,-23.528881659154,-17.2134164265551,-15.1861290921285,-15.8564441392978,-17.4948706983679,-21.891825296016
200811,-21.847476234305,-18.5402692863744,-13.0390587908347,-9.8972749732906,-14.1643286192227,-9.28575510890506,-3.31398632284599,-7.96055438481108,-4.40670089983441,-7.95536789195725
200812,1.73295710151658,3.33719894837354,7.8384827267762,6.72918535468945,0.95168577172196,5.34808485436934,1.72430053635317,1.402944060917,0.97046536034696,-1.08446127326595
200901,-15.7121254020831,-8.41706355375642,-16.3231353239856,-12.0492153655465,-11.0069764204876,-7.1652807305994,-4.89563368833476,-8.22535762371049,-5.55821810411908,-4.03392971799086
200902,-23.4545384676884,-20.8121806191741,-12.0601286295666,-11.6992673736335,-9.11740412933675,-10.790917119786,-11.1356369699476,-9.40877987689829,-5.78861349967188,-10.0583484764315
200903,14.8028855888545,12.3350702491892,15.6013151092406,13.509442759582,10.3651910125793,7.44054177811085,7.13051502719474,7.51686867284825,7.33914558236921,7.67041841336236
200904,19.1385404615414,13.9298701906744,19.1470477920889,13.853406215868,10.2114083378524,10.5511923862577,8.8585820194173,8.86908681508053,9.26814795063539,12.815371699185
200905,16.4817367191135,15.4790495490524,13.0418980139882,7.40266900119051,9.06471168932117,5.65302389878922,5.98438576528926,3.58988339899863,3.68482945678608,6.36548079213203
200906,-3.63396246472844,-4.92895904532891,-4.69634315115758,-4.7019827078576,-2.36503050759939,1.17740806545629,1.69504343141593,2.20726274557958,0.824381452565506,2.30748357328646
200907,17.3243613495297,9.90823666003922,11.4708892427526,13.2985382373842,10.6273803970257,10.5939575752447,7.17403010421689,6.1703510650421,5.18193388343027,5.25164131754707
200908,9.28193409470413,2.12364597647806,5.56109209097823,2.78596310459708,4.18460227222453,3.96823717046291,3.44412709544949,1.52261374142435,2.29666235972632,3.12848634535591
200909,4.34050488845008,9.47860002420414,7.1755600878705,7.8728288496995,5.77516111776408,3.14873402933642,5.31369152913891,2.723363330625,2.62370266998694,2.17238390422034
200910,-11.7646459383781,-8.33097561505487,-7.03363707408819,-4.19550558178888,-1.34575861949487,-3.62316337376435,-2.13513244023179,-0.850147145787525,-0.636375881934152,-1.16038080651327
200911,7.06429188557787,7.09579089415665,6.42239684400497,4.8495618630705,6.17225995294196,5.69721051222205,4.13209916749077,5.1091653968295,6.51197515878897,7.69996216163482
200912,-4.17531256150088,2.20881101455096,2.29341082118796,2.06000567897212,1.29293219779826,3.82665326210762,3.677025174862,4.80117051873456,4.08269769126348,3.3707183405357
201001,3.8758576595063,1.23983545980262,-2.14722340981374,-2.00456023255337,-3.41179960454348,-4.69576266944172,-4.9589699803375,-8.23358128072263,-7.46137907735204,-6.17331376402743
201002,3.17745256667592,1.83104725132265,1.76702688956051,2.50677182966183,4.66212506727981,3.60791213680631,3.93456704268396,5.09789420189969,4.41578314372465,8.7008236102902
201003,3.83957879481325,5.12423791080911,4.60820090375462,4.92778286396476,6.79662356080331,5.86823978491467,7.21829065093,8.99815660584392,9.83324314664362,9.00272023147587
201004,2.84470145843899,-0.799771777968211,2.37361598693108,1.31933301565725,0.320823915865969,2.66986232192332,2.66806742325216,2.03534026297365,4.89891452359933,4.9775514755427
201005,-7.4376993774946,-7.32503558356022,-6.77081026058529,-5.97207955618219,-9.11336644143978,-9.57683017133719,-6.8984040553711,-10.0984481914546,-10.4047971001749,-11.4262150817696
201006,-9.61967899567559,-7.94100641822873,-5.74829334140581,-3.12255274638781,-4.5648589879435,-4.72074685929499,-4.54423041802696,-7.46762563116645,-6.7529899111361,-9.80908584165907
201007,7.67540625978431,7.91619665427246,7.27829479183223,7.52804619932827,6.40380515757222,6.59963872130081,7.3187280043838,6.45203253345185,8.63594598582587,10.4457794505297
201008,-9.60330158172052,-7.22457737160453,-3.75262919672915,-3.42333242679958,-3.01225443173435,-4.04443617551733,-6.03297857900323,-5.04015772037049,-5.19004484046209,-5.8702257874795
201009,12.3692772292055,12.3705774225735,6.08806033951083,8.33594548711991,9.05134859555588,8.75174291992513,9.6872213018165,10.0529327335711,13.0586457138253,16.5771558135302
201010,3.9634306161225,3.32851254519879,2.25945815686743,2.71543433677216,3.23828190458356,4.12718369554353,4.13322828466016,4.57326919547038,4.79877670953853,6.78511827218528
201011,1.39177348672452,-1.82572568755564,2.0136859299128,0.670381888001673,0.0251228645522877,-0.658853759228223,0.112220758415841,1.38988898827841,1.97501079568439,6.14682278703457
201012,8.43175991841134,7.72153124854016,7.4669044559165,5.51756813113879,6.86994332375409,6.67995117544326,7.6528573220983,6.46483250393138,6.88598425019491,8.20968777456663
201101,2.77230393456987,3.0224299302874,1.29689870148769,2.43675075769309,2.11320346628824,1.88648679719082,1.60783851509998,1.74264434369326,-0.0761091784455616,0.681754664116471
201102,3.54630714210468,2.65410006231053,4.83395264848558,2.73815007987709,3.37673496702211,4.42949684410566,4.87035089717995,3.46280411869647,4.39478072620853,5.25024044736256
201103,-0.163586102479273,1.01113025118028,-1.61104972649987,-0.641296049677476,-0.702636402846308,1.56468045155026,1.63217898730215,0.930089324595045,1.05123172535169,1.77387477087112
201104,-0.770069234634263,-0.751199760906824,2.55932434476041,0.965076142323037,3.96907372034593,3.2826598663495,3.85012437751549,2.89486320798344,3.43899355703862,2.49584710633287
201105,-2.08391961450467,-3.05395177803722,-2.84467979070992,-1.48067866802011,-2.14253381011584,-1.23065514949266,-0.606183329542678,-0.380461271869716,-1.44024011941184,-1.80289492733203
201106,-4.94490037409594,-4.72886685343081,-4.14565248146253,-2.04821644600135,-2.15833711483059,-2.02661667368844,-1.24406737718913,-1.04590832583072,-1.31412209254858,-1.2987724006044
201107,-7.38263851870281,-3.95216421241448,-4.54401142920992,-2.12481525276114,-3.30754717206615,-3.676464762264,-1.99602408836254,-0.31210747492873,-2.55524022209833,0.0062357555269303
201108,-10.6761510609705,-7.51003857854165,-3.18052077281289,-3.07225553563272,-4.48684149245106,-4.84603603407584,-5.90866619354246,-8.34984448769995,-9.57935019987916,-9.42686336138957
201109,-12.4972828755163,-5.65319753715638,-5.79420937582469,-5.89402347269359,-7.53431541824689,-8.3531768461483,-8.17003401508357,-6.60957793624212,-15.4237992952088,-21.1050577902322
201110,10.1069869327724,4.91940976475064,7.063080562437,9.80962570122401,12.2777913806035,12.0455323888692,11.0263225271692,15.5738687591574,20.9524530554564,22.0812196578676
201111,-0.843086669853996,1.17064941562156,-0.4484270805777,-0.702507071716827,-1.21528497014345,-1.17154323083435,-0.32166984919176,0.493907655476102,0.00445217277227492,-1.401349427618
201112,-2.25243257804073,-0.698500338121604,1.66886616864408,1.77125655584674,1.11144459108764,0.725961212730843,-1.14655657009736,1.33428403432411,-3.23470722911922,-4.55668929147037
201201,10.4201617473858,10.4317809267427,6.03957417055489,5.47208277088669,4.50170447755009,4.51876794794033,3.54011907753607,6.4030618707794,5.37628635954382,9.03518841134839
201202,4.06310884079148,4.44415594314542,2.75226210493087,5.36686652950276,3.00063345334297,5.33307230983459,3.37118272664599,4.18234475779158,5.13257215173705,6.58097608015462
201203,0.0697017983604588,4.67506306238141,2.39606339520581,3.08510662350942,2.4840680183096,0.956515636945157,2.04532791281784,3.50589371892356,3.03105419514787,3.38881835526838
201204,-6.0790424490468,-6.2625067678036,-2.81905326102115,-1.51700476981612,-1.29962889937129,-1.46392915748051,-0.737703747792672,0.744463688503365,-0.304693770727133,2.68324674877387
201205,-15.0747689665399,-14.2388635162403,-12.9566396326953,-11.1142938815005,-8.82733233573802,-6.91529512389304,-5.84589017095218,-6.87548968927516,-2.33300645824034,-3.5227753226833
201206,5.01605809902169,4.96775979911956,3.1874373449619,3.08994660969924,4.46756157562728,2.93596414194976,4.96728862118171,4.83964576841525,3.86773955428349,1.75519515676962
201207,-5.16008550425472,-2.28856823542836,-0.932901130139279,-0.190632647070879,-0.0809593177623228,0.979053524676055,2.12349798388859,1.34487135921428,2.53338543364683,-0.409837536958999
201208,5.45977105281163,6.67744269422361,3.94164573756075,3.66475021347006,4.22884012157478,3.18076908092755,3.10388234945897,2.03728990945307,0.841966593366883,3.04316413684933
201209,5.02874117044106,4.70802757543574,4.32404515236422,2.84219469509617,3.09609229347188,2.25297705383557,3.199690375124,2.66730124439408,1.69542778926707,1.83615450671835
201210,-0.796768768104765,-3.99164198915773,-0.179802289854368,-0.0887024380939434,-0.375498917770131,-1.0010316330595,-1.00629032286571,-2.33573339864766,-1.09068835811177,-6.18658912659444
201211,-1.85380074684231,-1.3911340200889,-0.368909919503647,1.01918425198164,-0.306038039782556,2.0632549160134,0.374391726690432,0.879616076311705,1.50970494932515,2.43542794669087
201212,2.12838053863844,3.99159769991615,2.61367800358843,1.50847343853706,1.37194516646035,0.763485828753423,1.77840370456961,2.07749793397188,1.21213568048164,-3.74218146381312
201301,2.34329644437292,7.26560117702873,8.26014190276621,6.35797920516601,6.53970699985,6.30506778392757,5.25016103050533,5.35423602695574,5.04170770389973,-4.26499096694523
201302,-1.72143028091351,-0.741857224328147,0.00211895209449929,0.0625510835473873,1.46936909159029,1.60410903538385,1.46943990990998,1.95596316201423,-0.0393083961564524,-0.0109224160595821
201303,6.29099967100885,1.54456310977354,3.09378142989274,2.54285511939899,2.93093511932044,4.15066282411892,3.21514069574613,4.98026945748935,4.68634915141412,2.82201991501034
201304,1.19088036017565,-0.631952172517583,-0.992430924947579,1.0687383762823,2.31979608749957,-0.0546753026636069,2.13322884726335,1.45992814200284,2.7540871468517,1.33827730236001
201305,6.04127986600768,8.78334490956364,4.33640466046123,6.0195156893357,3.20899301184311,1.31162443425209,1.29422059317563,1.25638661464944,0.309688162936734,3.56551833896925
201306,-2.12274659922529,0.0464241021161349,-1.5527895802922,-1.39162757466788,-1.13103277476672,-2.6532447560217,-1.49849506864147,0.0243182978991639,-1.88336458298816,-3.56785248673655
201307,7.27176231858987,3.47951217955317,4.6918944143461,3.46933907975415,6.26220245128381,5.17925261762863,6.0465810639217,5.59524039860386,6.5613618406852,9.06051875272923
201308,-3.54369076550513,-0.00733397192884099,0.78021432686134,-3.77958486666754,-3.66360797294268,-2.64267680895686,-2.23398996974358,-2.55498280429144,-2.77366314322684,-3.03120335696391
201309,-0.342886179989478,1.25894982501863,2.6198257637267,2.65540150401067,3.90800629239048,4.70240826308052,4.66120630687042,5.475737337598,6.01953874779364,3.98829278444513
201310,6.36407867574728,2.70917813002144,3.82391054673034,2.79166734734898,4.47695622499751,4.93559593588037,5.47676928444085,3.41240806299353,2.72065108394865,4.41621112389796
201311,3.67760907364291,1.23591607099395,2.99528136532826,2.57410025347804,2.09867037886857,2.63169987243617,2.77947996914155,2.33835636485099,4.93808363611892,5.8223265790519
201312,1.03228899792746,2.19899157928028,4.47675676439694,2.52919340743826,2.45613891222296,2.19315921329087,2.06809845119424,3.88179601319651,3.20753381668537,1.84573337500298
201401,-6.61365152052838,-1.73499103199582,-4.78869849546758,-3.08045619573338,-3.69734814803562,-3.94577575616058,-2.6638018278083,-4.09467245663996,-1.93934544208968,1.52091238998211
201402,5.68188097381479,5.28188101317685,5.4956885298109,4.34049517007382,3.18826979938269,5.39306909127961,4.09902953661693,5.65209458632356,5.74534934884996,6.26835537415984
201403,-2.92892444225932,1.26833870425175,1.93309000639107,2.00471122051186,1.16586997709167,-0.1627963166427,0.578149877858319,1.27438813662692,-2.32965422624804,-5.56374119927575
201404,1.3112359638119,1.30899852684067,2.17133474837041,1.15257237262542,-0.0378283772529112,0.978643323232373,-0.533704421185275,-2.44292905454296,-1.13088563772115,-4.96499601478108
201405,-1.14995409128704,0.320407486120269,0.619471096242907,1.66277120740283,2.35291315045466,2.77303239291355,2.16183154937679,2.88505570595377,2.49974146524905,4.33717297682635
201406,5.47673171080701,2.26801788522662,1.72843866326347,1.87222104473446,2.58046370853866,2.45557687123986,3.36750323673286,4.0765959011441,3.64024027085087,7.08271883949586
201407,-3.06994441432037,-1.71258683371924,-1.94217633127678,-2.14434842953546,-1.45363732058268,-2.50419428432469,-1.75245229036125,-2.54890815647331,-1.66587274092586,-4.04967378471546
201408,3.37819668943763,3.58373076646003,4.28947569615306,4.60157289691137,4.03074931550857,3.22852239185718,3.37064460654797,3.46818731047895,6.12602997932281,3.94415548007559
201409,-6.93373363134349,-4.81632528679695,-0.889604535313039,-2.87746848726861,-1.86864269621227,-2.49910559773644,-2.92065182880675,-1.48694527505043,-1.79560657010694,-1.9339660525281
201410,-0.0235898936841627,-1.56486199186098,1.13148272493971,3.22564504070058,2.10352142513738,3.02475209289162,3.38432134082575,2.3461474420882,2.75575285308065,1.59258488121045
201411,0.73476181596089,1.99254183899994,1.20945557776825,2.78452087801761,2.9990442353241,3.30207934421675,1.44550061771921,1.68474361415919,3.64065204901192,1.33225960219654
201412,1.02949660988076,-0.226095728282266,-0.0830484295522905,-0.458371375093591,-0.24275852602901,-0.0737337510505356,0.0518499852889335,-0.19574946476945,-1.81742860521883,0.197786388183984
201501,-2.58443048882815,1.30058034180229,-6.00820654252154,-4.4334951907598,-5.25872277584637,-4.28129782447438,-4.07956040975457,-1.00728098807425,-1.57796775990787,-1.74661263361547
201502,8.98832252876641,8.69871462379824,7.41432442333536,5.88983319010175,7.01073272010266,6.15807890274508,5.87873965188295,6.13154145844343,4.38550807361367,5.29885231197297
201503,-1.115337234394,1.8085231917486,-0.478397853898846,-0.530709278467969,-0.822467953553422,-1.43835737917201,-0.467294868727494,-1.3346288809895,-1.99041766906197,-1.26283373031427
201504,0.170995524716876,-0.53592052736591,0.403077169851955,1.15779167648854,-0.204689575678445,-0.811877316464062,1.02698868349038,1.06140862361525,2.50172517074689,1.76335848079609
201505,1.75226022254117,-2.63043254487217,0.399967920595546,1.29379470292501,1.72521734199489,0.653121685169808,0.662621611728744,0.646164171107937,0.834890301629387,3.36548205178892
201506,-5.13997205638607,-4.17801493422767,-3.2851374008014,-2.54731443808222,-2.00265741724223,-1.5745388693362,-1.71331609533434,-0.61682103854948,-1.21663391346202,-1.63476278076146
201507,-18.3452671195425,-11.485974845475,-4.6622126241769,-2.42198272899823,1.21628437470722,0.952130191020439,4.44865219905041,2.68696818949343,3.46753183877032,1.30164319625454
201508,-0.932566591042719,-3.88351447976287,-6.02282506861203,-5.30720514337778,-4.98822352907145,-5.68683648400405,-6.55809149609999,-6.97245341141065,-6.3667481444011,-6.43254336254625
201509,-17.1140988878454,-9.86249353556423,-5.96301267579511,-2.87559956945056,-2.47441749345728,-3.29961801991354,-1.78638724576643,-2.68558106821952,-1.98346272449489,-5.27667903988167
201510,8.77527625622868,9.82201301024392,7.6034702228964,9.36276317316436,9.34580389958262,6.80050557122717,4.71368756719234,9.12332103458555,7.77203098297095,2.71298919274969
201511,-1.71222637240808,-0.838104170220422,0.118219007596048,0.399365253798175,0.831012894606346,0.10565592705962,1.19497527645514,0.202176565133393,0.678643885795755,2.15731589141013
201512,-10.4287972010929,-6.85808463927312,-4.21275236117424,-2.87611242958216,-1.21675213584342,-1.23760259004381,-1.62718840454406,-3.75540452330031,-2.12101949118515,-0.792659746429761
201601,-11.9106541726702,-9.26087020305165,-3.46583133567016,-3.77440095991086,-2.5981128528899,-5.04780288156523,-9.20061980129461,-6.06854317137476,-8.74782108418633,-13.53076874719
201602,5.88637344174301,4.53830994895848,1.77876615368842,0.0205366842212793,1.12155528907935,-0.893055739691739,-1.16057604215232,-0.344248772434811,-0.994699927137711,-1.97197757638446
201603,9.35983144044088,8.96723020426044,8.91530250021496,7.72415788128869,7.41209547611314,8.14152157299255,5.86753327088951,6.6984857294147,5.00585504956995,4.78030081483232
201604,14.638023337901,7.65396378683955,3.78074372562646,1.17154904919306,-0.892488828341739,1.59071369231704,-0.128093745632721,1.17635069090743,-1.3854445085097,4.50656291395351
201605,-5.01664881544847,-0.655973811630015,-1.06256637523648,0.870497436005385,1.01059350120201,1.55423222088538,1.72815435313256,1.13371217083871,3.25127810077158,3.55590072643062
201606,-0.941220882128429,3.39803333710877,0.213833124434944,0.194259237835314,-1.63023949075705,-0.211406352701826,0.2649283971402,0.910463009430979,-0.709662105256273,-1.40589647277755
201607,10.1369106196522,6.30119215510222,5.31847222709572,3.9952598592619,4.72311955628405,2.17272531455337,3.52628633144685,2.78897727783147,4.22149365514217,7.0319397294223
201608,3.34895530186535,1.59455971810792,1.15821259088909,1.49093507393412,0.816087030891476,0.75016939565363,1.4532913580355,-1.69419409096415,-0.13575456053096,0.000308038801525076
201609,4.05436423952511,4.29090266823978,1.65461376291134,0.752401837056444,1.35121117888436,-0.787173695070444,-0.147926952716731,-0.299792339137269,0.462997459022995,-0.0034210237324725
201610,-11.5657518735762,-7.78638842971914,-2.48624581056221,0.282964588266246,-1.49926458957865,-2.24670493893594,-1.71447688805757,-2.27164327118351,-2.61101676495107,0.259011841137896
201611,8.82837609263461,11.5676783943354,13.0153216479203,9.29807750208306,6.3146355785622,5.94567763346852,4.83698230356411,1.24514464410922,1.50340547263827,4.56502320444269
201612,0.635638068068698,1.57815932116553,1.09842610177791,2.77369999473275,1.31496456175454,2.38712352640771,0.916509775397985,2.34710488257387,1.98790077521346,0.285420434105645
201701,1.42357157033013,3.46239142547134,3.4894905234867,2.53080306497189,2.16666002855113,2.15342091919046,1.92976094023572,2.12204090538498,1.33898638600651,4.10884018806895
201702,3.71128736769785,2.84138521817177,4.06767504057097,4.7526678236411,4.03504139072155,2.4522579770437,4.23014493927212,3.25482751677841,2.21380159843794,-1.43614761393068
201703,-1.86544179502121,-2.3920852842647,-0.508608918459068,0.285728266338213,0.152198707191759,0.564727616971926,0.319997468342009,0.983099884042624,1.09687239877716,0.431899527169893
201704,1.11556114129723,0.672339463053311,2.06793827008361,-0.3238857441775,1.33593778735042,1.66653229307796,0.00400913606505163,0.97530186150792,1.70240847691898,-1.6768938320344
201705,-2.03775931857807,-1.77122712132947,-0.259728259790478,1.22163776347346,2.56406027986352,1.12220622833085,0.310661594616646,0.678066154699866,2.33968115102457,1.03480338848603
201706,8.06253851125201,3.4746800900177,2.90680996018624,1.87316217667619,1.54637284962859,1.60578855918917,1.4741283435358,-0.469654980337665,-2.19431872344503,-2.00297120010197
201707,2.76127151080209,1.9903248543296,0.713365585306294,1.96267900807788,0.863099044522422,3.05336143119451,3.2223841833173,2.57106239936637,1.74083662631455,3.90833593233701
201708,-1.04574903429508,0.893925638798016,-0.197019335075814,0.0753590024934919,0.0849695970258445,0.103877867748345,2.6124647934548,-1.7963413956981,-1.00045985222598,-1.36604160705395
201709,5.55861888011689,0.578930258931234,1.65274673620099,1.56931150373587,1.91565070607726,2.65618439009795,1.69962562600579,5.68516197061818,4.53284584263649,6.71523699188087
201710,-3.81203775806631,-2.22753291647752,0.0146223682708979,1.71206051786345,0.835180688869406,4.36633657154607,1.32869927378332,1.87980828432307,5.02496460916096,4.20687435883185
201711,2.4120568266837,7.27069250757232,3.13958706980267,2.20993992765632,3.6290529074808,2.95670986239556,2.72677087881603,2.03418813398737,3.46253179553585,1.55577780361617
201712,3.01332821745064,3.12339791294646,1.92821930213503,1.29062494434244,1.23225357203037,1.22961957383774,0.431019047027476,1.12162332966316,0.993475069365775,-0.198247058360854
201801,1.42436270690108,3.19357809781923,3.97422448708446,3.3672087725489,3.72832347016841,5.32621083015227,4.98402037664936,4.60353346396945,9.46319199731605,6.65409818712706
201802,-10.1938877452951,-7.08078668532686,-8.01491201021011,-2.95215337645538,-5.88770251215909,-3.28598544206645,-4.77033413098758,-3.8081953294715,-0.350268430889709,-2.60687554731862
201803,3.29524552106369,0.872398617063768,-1.65280204795186,-0.673524631838927,-1.86812630320598,-1.63278092657293,-1.76091663712638,-2.56001705354893,-3.50355071587839,-1.83164501253114
201804,7.69722106145946,5.02694636845452,0.639021904869984,-0.400469582968429,1.87492741863488,0.0892247509538081,-1.83078213609575,0.798401327124488,1.04856928972947,-0.579204334275665
201805,4.53102030269506,1.45134939638578,2.03441718393385,1.41275258561383,0.553447234518905,2.72131009144976,2.81542293059941,2.64659906533264,4.76148738322454,7.78377006310929
201806,6.12608490479431,2.30538272971665,3.15156741594069,2.62686346476072,1.12100985678965,1.78816730176866,-0.0416038722535651,-0.248869941614596,-0.939578116212677,-3.10403292899869
201807,-0.0597944550500002,3.99918254048107,1.86789982204377,4.04340221170675,4.79263321968433,3.32751948506588,2.31533726706282,4.61798294047016,3.15678909829234,1.52411165111146
201808,2.41962810610182,5.37770814449239,2.20680121091339,1.22903381787601,0.718967689983021,2.10596716797525,2.13611160509905,5.85446843235223,3.80847143449963,3.21003496110457
201809,-3.498509676693,0.00763737361638138,0.829104041553189,1.33959810000615,1.18778005022469,0.2383434514469,0.376159901332817,-0.598276773561607,0.273920608075328,-0.706519422402916
201810,-12.1590633107682,-2.15715326208361,-3.98681590999282,-4.41828061346836,-6.09297395097413,-6.74715587035486,-6.70484119004036,-9.81266410457065,-7.87771188677337,-17.2024455821046
201811,-8.24950669652437,1.8312491277587,3.91705691592641,1.91951813436758,4.04952700098898,3.16560702494691,0.00386998406229036,2.26541088341577,1.1190653883809,2.05983015962456
201812,-11.4376083853008,-11.7585632522068,-8.34522270098837,-10.4275079507984,-9.18438042009619,-8.16326985851647,-9.44320692328277,-8.85388431384384,-9.27235585524805,-10.3586594384611
201901,14.8628393141534,9.5676670250816,8.01279482583824,7.66431835786769,7.15032186020756,7.67857997283865,9.26010925945171,7.63831009311436,11.9132707578416,16.3921271721868
201902,5.373912049431,3.06744310411091,2.35138624565447,3.038676298751,2.83384623641463,3.79324238369835,3.36230964630885,5.84840716485869,5.98270670198114,0.65398953201575
201903,-2.56508912393462,-0.73825795263265,-0.483755478350605,-0.0396489665630366,1.41369967885277,0.953078021732219,1.65760861075829,3.75561071910694,2.9035410702032,-2.87936581902169
201904,0.303362751289326,3.54116823717667,4.38966904318732,6.52334387719592,4.69505875139518,3.89456471516676,1.58707239350567,4.5855467528889,3.34141144973921,1.92008344442428
201905,-12.8381637028331,-11.1347248178091,-10.2832102424507,-8.93486629467219,-5.78697122099151,-5.32621157693205,-6.00331562437171,-4.9119178174006,-7.29998713414023,-5.21122662008412
201906,12.9823668719531,11.4083952172589,7.7438150323897,7.40152747028972,9.06379653479709,7.75046517107885,6.00267499751988,5.31490176309523,6.97110331756897,9.22709766046976
201907,-1.65770604017927,-1.12953412425018,0.798381623550339,0.621123231862379,2.96313765783135,3.54894978616215,2.04875005472942,1.18732858254756,1.03008039175113,-0.537066280111913
201908,-10.7397005897412,-9.75352794069995,-6.64879821177457,-6.86179594177882,-5.11492805243955,-3.99244299985918,-2.97557471317689,-0.72240334713551,-0.23024339451045,0.404039442891451
201909,2.18801486316157,5.22384452681273,3.16987659864648,5.26423714071202,5.05142320839669,4.00630018268033,0.647847762597315,1.04801790880493,0.790784962860333,-3.97742526396085
201910,6.21843147549225,2.16012795694441,6.85359850408812,1.95686476523113,4.39070209800154,3.46532614097658,1.21491623806727,1.22141435277171,0.915338881312108,-0.106284919849472
201911,1.98206579677178,5.44475303994759,5.33642331906365,5.8632629976612,4.05562434478318,5.14354616282044,4.25013288208736,4.07441486822177,1.12750457443326,3.54909326708393
201912,3.56522916142697,5.40005666353619,5.9673804679029,5.68623748795821,2.63668561168737,1.63546246020009,2.96893359850347,1.78996750265202,2.77474140915726,2.94585131510628
202001,5.89717505999967,-7.55051237285607,-8.13486620556667,-5.52369896361968,-3.72019223567075,0.056158831712855,1.20196448110606,2.06864360721139,2.34801623116294,5.40692528980971
202002,-6.05300830377882,-4.38462814801167,-8.79507542761172,-8.52953937728876,-8.59782343879202,-9.843451427354,-7.79854853847115,-7.80275083343593,-6.74107215824906,-6.52381639181789
202003,-26.5467232739723,-16.3119187871657,-22.8362518446681,-13.7978862139445,-13.1143699337816,-19.0737414508931,-13.1283441961934,-13.5215169235143,-10.4439379346144,-16.0532472950611
202004,25.7172942607316,20.6388427090576,24.9183179749861,11.9431221169007,13.6876546465803,11.8694505602582,10.8196034020323,14.6535073800872,11.8964104072901,17.3420474314025
202005,10.8779454911659,9.02535573765935,6.26230242419837,4.3815597121123,4.97274027494362,5.86242257483139,4.46578548157861,5.78042683019917,5.64952739295947,7.62238015935315
202006,9.21773018958374,7.58663720548616,3.54730767556523,2.05615749844925,6.0679675544373,0.476761970365525,0.888852296903735,1.60072041892184,-0.800756188564267,8.40568972189291
202007,10.0688042883014,7.15572132579153,5.00506403208,6.48652809266264,6.77152723812815,4.43165311559583,5.20882605504786,4.06322806372583,3.9158588454925,12.3838940907502
202008,3.18870996355834,7.86226662976752,3.98826362241185,5.38693610701373,4.6127891275204,7.8217951790787,5.92711796162038,6.07287641685124,5.66036210927271,18.76514396625
202009,-4.74093682186478,-3.00627995819784,-2.98536835714582,-2.39183968349818,-3.01742881075275,-3.59453779810163,-3.56415666327939,-2.67656084592232,-3.88540162429141,-6.34565659063929
202010,0.290429950511121,-0.866328341007337,-0.163039293663803,-1.91032937092149,-1.45461444475767,-2.28081873143828,-2.24329042960136,-0.268792720217608,-3.01878443402676,-5.4403863746346
202011,39.4004056096411,27.2127268414417,21.7088267427199,20.2694000635222,18.662799539856,13.4251569466408,13.3843536471491,10.9238877112782,9.18620568753691,10.0105908302334
202012,5.86806534088035,9.12822020241155,7.33403631818048,6.42887872827308,4.11943742361741,5.6580048391174,3.52854308058111,2.50390120249477,4.78928069871556,5.62992293048404
202101,0.580022543627451,0.962309568816709,2.74325409994924,1.00592519284906,-2.29753273962113,-2.02854193451274,-2.36502320557082,-0.878353235815569,0.10860954197201,6.71794899774964
202102,22.5558617118852,16.7428870344345,15.6191166617996,8.97939617984534,6.43732164509671,4.58121186780256,2.63009628298218,1.70535677605512,-2.00009397374848,-2.31013775050404
202103,6.43352537692729,3.73720514867389,4.37536714006633,5.71660392075852,5.45910441612043,5.67706665732862,3.7548019444387,4.79015881049846,1.423114488665,-4.08556286484012
202104,1.72832987168481,3.63983687673714,3.56709717230316,3.36409230612655,2.81446894189972,4.68434777440171,3.77124053170763,5.63750020787361,5.71856997980835,7.73002822764766
202105,3.59557003076881,2.44196807634223,2.56317511924723,2.329920209832,2.26750362871243,0.583330468175042,1.88084642703873,-1.05482372006311,-1.22236900432606,-4.39875142052585
202106,8.60987136085186,1.420825596998,-0.880030177278173,0.530955476643838,-1.55622166905517,1.73319901079388,2.31998911701075,3.51927009151289,7.72628824576768,9.55220373995821
202107,-5.39564794457316,-0.866637684622574,0.86269390158934,2.99317931305272,2.44708180660423,2.20142585175508,0.835712457554308,2.32648732667093,-0.979591152036409,-0.615314430469343
202108,5.71895437944394,-0.448233011835289,2.99997702326115,1.62793697876286,3.88511869221125,2.94215936621331,4.29746988306245,1.28745755278098,2.05838602071016,2.25547144063609
202109,-3.86264108994302,-4.83355217947981,-3.82146090497805,-5.16648542324843,-5.36200438272636,-1.72415606833877,-5.40150091360044,-2.74904966891532,-3.28693798505831,-0.643447404614536
202110,3.13873174143483,7.75070842839159,7.16884733157987,4.98302864122391,7.22932775922765,12.4374630316639,5.27099650527677,5.6387585186708,5.16206126748472,2.60685949560671
202111,-6.00507845629034,2.64446263977218,-1.84215198313365,-3.46007453307727,-3.84386149433666,-4.37623120658878,-3.53277727521559,-2.48507528150275,-3.39899873577579,-1.12084266797096
202112,-1.2418848262951,3.17896093501871,1.7405720197217,5.08686795858304,7.23712331437739,4.70518234761242,2.80566992660975,0.264697091451342,1.88763554556485,-7.55421034095737
